request_id,amount_safe_to_pay,affordability_status,recommended_payment_method,payment_plan,earliest_date_for_full_payment,spending_changes_needed,decision_explanation
request_26,15656000,affordable_now,full_payment,2025-08-03:15656000,2025-08-03,none,"Pay IDR 15,656,000 today. This leaves at least IDR 24,768,300 available over the next 90 days."
request_27,6670,affordable_now,full_payment,2026-07-05:6670,2026-07-05,none,"Pay ZAR 6,670 today. This leaves at least ZAR 20,500 available over the next 90 days."
request_28,689.4,affordable_later,wait,2024-06-08:1302.4,2024-06-08,none,"Wait until 2024-06-08, then pay EUR 1,302.40 in full. Paying sooner would put the EUR 1,100 minimum at risk."
request_29,51524,affordable_now,full_payment,2025-11-04:51524,2025-11-04,none,"Pay ZAR 51,524 today. This leaves at least ZAR 28,300 available over the next 90 days."
request_30,775.2,affordable_with_plan,installments,2026-04-06:268.74|2026-05-06:268.74|2026-06-05:268.74,2026-04-06,none,"Use 3 installments of USD 268.74, starting 2026-04-06. This leaves at least USD 900 available."
request_31,2809626.32,affordable_later,wait,2024-10-15:18164000,2024-10-15,none,"Wait until 2024-10-15, then pay IDR 18,164,000 in full. Paying sooner would put the IDR 16,588,900 minimum at risk."
request_32,13511.28,not_affordable,not_recommended,none,,none,"Do not make this payment by 2025-04-15. None of the available options keeps the ZAR 35,700 minimum protected."
request_33,23864.51,not_affordable,not_recommended,none,,none,"Do not make this payment by 2026-03-15. None of the available options keeps the INR 102,100 minimum protected."
request_34,129400,affordable_now,full_payment,2024-12-04:129400,2024-12-04,none,"Pay INR 129,400 today. This leaves at least INR 138,500 available over the next 90 days."
request_35,24275.88,affordable_later,wait,2026-01-15:212000,2026-01-15,none,"Wait until 2026-01-15, then pay INR 212,000 in full. Paying sooner would put the INR 106,400 minimum at risk."
request_36,574.99,affordable_later,wait,2026-07-15:3954,2026-07-15,none,"Wait until 2026-07-15, then pay USD 3,954 in full. Paying sooner would put the USD 2,400 minimum at risk."
request_37,4274845.55,affordable_later,wait,2024-04-04:14649000,2024-04-04,none,"Wait until 2024-04-04, then pay IDR 14,649,000 in full. Paying sooner would put the IDR 17,056,200 minimum at risk."
request_38,172.91,affordable_later,wait,2025-10-15:971.3,2025-10-15,none,"Wait until 2025-10-15, then pay EUR 971.30 in full. Paying sooner would put the EUR 400 minimum at risk."
request_39,56233.76,affordable_later,wait,2026-06-15:208600,2026-06-15,none,"Wait until 2026-06-15, then pay INR 208,600 in full. Paying sooner would put the INR 213,400 minimum at risk."
request_40,353.01,affordable_later,wait,2024-08-16:1290.3,2024-08-16,none,"Wait until 2024-08-16, then pay EUR 1,290.30 in full. Paying sooner would put the EUR 1,500 minimum at risk."
request_41,8309374.49,affordable_later,wait,2026-01-15:38760000,2026-01-15,none,"Wait until 2026-01-15, then pay IDR 38,760,000 in full. Paying sooner would put the IDR 25,366,600 minimum at risk."
request_42,52100,affordable_now,full_payment,2026-01-05:52100,2026-01-05,none,"Pay INR 52,100 today. This leaves at least INR 113,100 available over the next 90 days."
request_43,8359190.72,affordable_later,wait,2024-09-16:43339000,2024-09-16,none,"Wait until 2024-09-16, then pay IDR 43,339,000 in full. Paying sooner would put the IDR 21,398,000 minimum at risk."
request_44,25771.35,affordable_later,wait,2025-04-16:95800,2025-04-16,none,"Wait until 2025-04-16, then pay INR 95,800 in full. Paying sooner would put the INR 82,900 minimum at risk."
request_45,3410298.11,affordable_later,wait,2026-07-15:21983000,2026-07-15,none,"Wait until 2026-07-15, then pay IDR 21,983,000 in full. Paying sooner would put the IDR 11,149,800 minimum at risk."
request_46,35008.75,affordable_with_plan,partial_payment,2024-12-03:35008.75|2024-12-15:14441.25,2024-12-15,none,"Pay INR 35,008.75 today and the remaining INR 14,441.25 on 2024-12-15. This leaves at least INR 84,000 available."
request_47,38114000,affordable_now,full_payment,2025-05-05:38114000,2025-05-05,none,"Pay IDR 38,114,000 today. This leaves at least IDR 30,049,000 available over the next 90 days."
request_48,45700,affordable_now,full_payment,2026-07-25:45700,2026-07-25,none,"Pay INR 45,700 today. This leaves at least INR 71,300 available over the next 90 days."
request_49,12761954.75,affordable_with_plan,installments,2024-03-18:11902106.67|2024-04-18:11902106.67|2024-05-19:11902106.67,2024-03-15,none,"Use 3 installments of IDR 11,902,106.67, starting 2024-03-18. This leaves at least IDR 20,275,700 available."
request_50,43900,affordable_now,full_payment,2025-08-06:43900,2025-08-06,none,"Pay INR 43,900 today. This leaves at least INR 99,700 available over the next 90 days."
request_51,2191000,affordable_now,full_payment,2026-01-03:2191000,2026-01-03,none,"Pay IDR 2,191,000 today. This leaves at least IDR 7,811,000 available over the next 90 days."
request_52,19184.33,affordable_later,wait,2024-06-15:28870,2024-06-15,none,"Wait until 2024-06-15, then pay INR 28,870 in full. Paying sooner would put the INR 41,500 minimum at risk."
request_53,471.07,affordable_with_plan,installments,2025-11-21:589.06|2025-12-19:589.06|2026-01-16:589.06,2026-01-15,none,"Use 3 installments of USD 589.06, starting 2025-11-21. This leaves at least USD 2,100 available."
request_54,2172.23,not_affordable,not_recommended,none,,none,"Do not make this payment by 2026-08-21. None of the available options keeps the ZAR 37,000 minimum protected."
request_55,130638.16,affordable_with_plan,installments,2026-06-11:75781.33|2026-07-12:75781.33|2026-08-12:75781.33,2026-07-15,none,"Use 3 installments of INR 75,781.33, starting 2026-06-11. This leaves at least INR 124,300 available."
request_56,636.42,affordable_with_plan,partial_payment,2025-02-03:636.42|2025-02-15:245.14,2025-02-15,none,"Pay USD 636.42 today and the remaining USD 245.14 on 2025-02-15. This leaves at least USD 2,100 available."
request_57,13052.65,affordable_later,wait,2026-06-15:61446,2026-06-15,none,"Wait until 2026-06-15, then pay ZAR 61,446 in full. Paying sooner would put the ZAR 42,700 minimum at risk."
request_58,16226000,affordable_now,full_payment,2024-12-07:16226000,2024-12-07,none,"Pay IDR 16,226,000 today. This leaves at least IDR 14,433,900 available over the next 90 days."
request_59,140600,affordable_with_plan,installments,2025-05-07:48741.33|2025-06-04:48741.33|2025-07-02:48741.33,2025-05-04,none,"Use 3 installments of INR 48,741.33, starting 2025-05-07. This leaves at least INR 132,600 available."
request_60,199.89,affordable_now,full_payment,2026-01-06:199.89,2026-01-06,none,Pay USD 199.89 today. This leaves at least USD 400 available over the next 90 days.
request_61,29062,affordable_with_plan,installments,2024-03-17:10074.83|2024-04-17:10074.83|2024-05-18:10074.83,2024-03-03,none,"Use 3 installments of ZAR 10,074.83, starting 2024-03-17. This leaves at least ZAR 36,700 available."
request_62,404.23,affordable_now,full_payment,2025-08-05:404.23,2025-08-05,none,"Pay USD 404.23 today. This leaves at least USD 1,300 available over the next 90 days."
request_63,37321.53,not_affordable,not_recommended,none,,none,"Do not make this payment by 2026-09-17. None of the available options keeps the INR 153,500 minimum protected."
request_64,0,not_affordable,not_recommended,none,,none,"Do not make this payment by 2024-08-16. None of the available options keeps the INR 36,100 minimum protected."
request_65,5900.81,not_affordable,not_recommended,none,,none,"Do not make this payment by 2025-11-25. None of the available options keeps the ZAR 15,500 minimum protected."
request_66,22200,affordable_now,full_payment,2026-04-03:22200,2026-04-03,none,"Pay INR 22,200 today. This leaves at least INR 80,700 available over the next 90 days."
request_67,309.38,affordable_later,wait,2024-10-15:2094,2024-10-15,none,"Wait until 2024-10-15, then pay USD 2,094 in full. Paying sooner would put the USD 1,200 minimum at risk."
request_68,1442.27,affordable_with_plan,installments,2025-02-14:725.09|2025-03-14:725.09|2025-04-11:725.09,2025-03-15,none,"Use 3 installments of USD 725.09, starting 2025-02-14. This leaves at least USD 1,500 available."
request_69,529.1,affordable_now,full_payment,2026-01-04:529.1,2026-01-04,none,Pay EUR 529.10 today. This leaves at least EUR 700 available over the next 90 days.
request_70,50074.24,affordable_later,wait,2025-02-15:243900,2025-02-15,none,"Wait until 2025-02-15, then pay INR 243,900 in full. Paying sooner would put the INR 115,000 minimum at risk."
request_71,188030.52,affordable_later,wait,2025-06-15:21451000,2025-06-15,none,"Wait until 2025-06-15, then pay IDR 21,451,000 in full. Paying sooner would put the IDR 8,884,800 minimum at risk."
request_72,11330,affordable_now,full_payment,2026-07-05:11330,2026-07-05,none,"Pay ZAR 11,330 today. This leaves at least ZAR 12,200 available over the next 90 days."
request_73,71400,affordable_now,full_payment,2023-01-20:71400,2023-01-20,none,"Pay INR 71,400 today. This leaves at least INR 103,200 available over the next 90 days."
request_74,5010,affordable_now,full_payment,2025-08-04:5010,2025-08-04,none,"Pay ZAR 5,010 today. This leaves at least ZAR 21,900 available over the next 90 days."
request_75,28270,affordable_with_plan,installments,2026-04-09:9800.27|2026-05-09:9800.27|2026-06-08:9800.27,2026-04-06,none,"Use 3 installments of ZAR 9,800.27, starting 2026-04-09. This leaves at least ZAR 39,000 available."
request_76,1538.8,not_affordable,not_recommended,none,,none,"Do not make this payment by 2024-07-30. None of the available options keeps the USD 1,800 minimum protected."
request_77,60186.13,affordable_with_plan,full_payment,2025-11-05:60700,2025-11-15,stop:event_7143,"Stop the cloud_storage expense, then Pay INR 60,700 today. This leaves at least INR 82,200 available over the next 90 days."
request_78,43899.88,affordable_later,wait,2025-10-15:50200,2025-10-15,none,"Wait until 2025-10-15, then pay INR 50,200 in full. Paying sooner would put the INR 55,200 minimum at risk."
request_79,315.39,not_affordable,not_recommended,none,,none,"Do not make this payment by 2024-11-01. None of the available options keeps the EUR 1,000 minimum protected."
request_80,158825,not_affordable,not_recommended,none,,none,"Do not make this payment by 2025-02-21. None of the available options keeps the INR 121,300 minimum protected."
request_81,2076,affordable_now,full_payment,2026-07-03:2076,2026-07-03,none,"Pay USD 2,076 today. This leaves at least USD 1,600 available over the next 90 days."
request_82,1405.2,affordable_now,full_payment,2024-12-05:1405.2,2024-12-05,none,"Pay USD 1,405.20 today. This leaves at least USD 1,100 available over the next 90 days."
request_83,7303.04,not_affordable,not_recommended,none,,none,"Do not make this payment by 2025-06-17. None of the available options keeps the INR 37,800 minimum protected."
request_84,21346.82,affordable_later,wait,2026-06-15:95400,2026-06-15,none,"Wait until 2026-06-15, then pay INR 95,400 in full. Paying sooner would put the INR 91,300 minimum at risk."
request_85,377933.56,not_affordable,not_recommended,none,,none,"Do not make this payment by 2024-04-26. None of the available options keeps the IDR 6,396,300 minimum protected."
request_86,46300,affordable_now,full_payment,2025-08-03:46300,2025-08-03,none,"Pay INR 46,300 today. This leaves at least INR 84,900 available over the next 90 days."
request_87,18566.76,not_affordable,not_recommended,none,,none,"Do not make this payment by 2026-03-15. None of the available options keeps the INR 185,900 minimum protected."
request_88,10715.66,affordable_with_plan,installments,2024-06-14:9045.23|2024-07-15:9045.23|2024-08-15:9045.23,2024-07-15,none,"Use 3 installments of ZAR 9,045.23, starting 2024-06-14. This leaves at least ZAR 25,800 available."
request_89,9264865.74,not_affordable,not_recommended,none,,none,"Do not make this payment by 2026-01-15. None of the available options keeps the IDR 12,534,700 minimum protected."
request_90,2560,affordable_now,full_payment,2026-07-06:2560,2026-07-06,none,"Pay ZAR 2,560 today. This leaves at least ZAR 7,600 available over the next 90 days."
request_91,477.99,affordable_later,wait,2024-11-15:1927.2,2024-11-15,none,"Wait until 2024-11-15, then pay EUR 1,927.20 in full. Paying sooner would put the EUR 2,100 minimum at risk."
request_92,34034,affordable_now,full_payment,2025-02-05:34034,2025-02-05,none,"Pay ZAR 34,034 today. This leaves at least ZAR 28,100 available over the next 90 days."
request_93,1729.2,affordable_now,full_payment,2026-04-07:1729.2,2026-04-07,none,"Pay USD 1,729.20 today. This leaves at least USD 1,900 available over the next 90 days."
request_94,572,affordable_now,full_payment,2024-12-04:572,2024-12-04,none,Pay EUR 572 today. This leaves at least EUR 600 available over the next 90 days.
request_95,36700.88,not_affordable,not_recommended,none,,none,"Do not make this payment by 2025-07-14. None of the available options keeps the INR 145,500 minimum protected."
request_96,74296.06,affordable_with_plan,installments,2026-01-10:31269.33|2026-02-09:31269.33|2026-03-11:31269.33,2026-02-15,none,"Use 3 installments of INR 31,269.33, starting 2026-01-10. This leaves at least INR 56,500 available."
request_97,1564.82,affordable_with_plan,installments,2024-03-19:8145.28|2024-04-19:8145.28|2024-05-20:8145.28,2024-04-15,none,"Use 3 installments of ZAR 8,145.28, starting 2024-03-19. This leaves at least ZAR 29,700 available."
request_98,6487.77,affordable_later,wait,2025-08-15:27148,2025-08-15,none,"Wait until 2025-08-15, then pay ZAR 27,148 in full. Paying sooner would put the ZAR 30,000 minimum at risk."
request_99,17483.55,affordable_with_plan,full_payment,2026-07-04:18062,2026-07-15,stop:event_9188,"Stop the streaming expense, then Pay ZAR 18,062 today. This leaves at least ZAR 49,100 available over the next 90 days."
request_100,25097.79,not_affordable,not_recommended,none,,none,"Do not make this payment by 2024-08-16. None of the available options keeps the ZAR 32,500 minimum protected."
request_101,143500,affordable_now,full_payment,2025-11-03:143500,2025-11-03,none,"Pay INR 143,500 today. This leaves at least INR 187,400 available over the next 90 days."
request_102,1716,affordable_with_plan,installments,2026-04-05:594.88|2026-05-05:594.88|2026-06-04:594.88,2026-04-05,none,"Use 3 installments of EUR 594.88, starting 2026-04-05. This leaves at least EUR 900 available."
request_103,37721.65,affordable_later,wait,2024-10-08:368300,2024-10-08,none,"Wait until 2024-10-08, then pay INR 368,300 in full. Paying sooner would put the INR 125,500 minimum at risk."
request_104,17204,affordable_now,full_payment,2025-02-04:17204,2025-02-04,none,"Pay ZAR 17,204 today. This leaves at least ZAR 24,700 available over the next 90 days."
request_105,51032.05,affordable_with_plan,full_payment,2026-06-08:53500,2026-06-15,reduce_to:event_9720:1632|reduce_to:event_9721:1720,"Reduce the shopping expense to INR 1,632 and Reduce the entertainment expense to INR 1,720, then Pay INR 53,500 today. This leaves at least INR 73,900 available over the next 90 days."
request_106,459.01,affordable_later,wait,2024-12-15:2207.7,2024-12-15,none,"Wait until 2024-12-15, then pay EUR 2,207.70 in full. Paying sooner would put the EUR 1,200 minimum at risk."
request_107,2431.8,not_affordable,not_recommended,none,,none,"Do not make this payment by 2025-07-04. None of the available options keeps the EUR 1,600 minimum protected."
request_108,24877.17,affordable_later,wait,2026-09-07:55308,2026-09-07,none,"Wait until 2026-09-07, then pay ZAR 55,308 in full. Paying sooner would put the ZAR 24,100 minimum at risk."
request_109,483.91,not_affordable,not_recommended,none,,none,"Do not make this payment by 2024-05-26. None of the available options keeps the EUR 1,700 minimum protected."
request_110,22352,affordable_with_plan,installments,2025-08-06:7748.69|2025-09-03:7748.69|2025-10-01:7748.69,2025-08-06,none,"Use 3 installments of ZAR 7,748.69, starting 2025-08-06. This leaves at least ZAR 11,200 available."
request_111,16625000,affordable_now,full_payment,2026-04-03:16625000,2026-04-03,none,"Pay IDR 16,625,000 today. This leaves at least IDR 23,022,800 available over the next 90 days."
request_112,0,not_affordable,not_recommended,none,,none,Do not make this payment by 2024-06-14. None of the available options keeps the EUR 500 minimum protected.
request_113,19306.34,affordable_later,wait,2026-10-15:36500,2026-10-15,none,"Wait until 2026-10-15, then pay INR 36,500 in full. Paying sooner would put the INR 82,300 minimum at risk."
request_114,54639.51,affordable_later,wait,2026-01-15:65300,2026-01-15,none,"Wait until 2026-01-15, then pay INR 65,300 in full. Paying sooner would put the INR 113,400 minimum at risk."
request_115,14921.45,affordable_later,wait,2024-11-15:80500,2024-11-15,none,"Wait until 2024-11-15, then pay INR 80,500 in full. Paying sooner would put the INR 38,800 minimum at risk."
request_116,7494.6,not_affordable,not_recommended,none,,none,"Do not make this payment by 2025-04-16. None of the available options keeps the INR 80,300 minimum protected."
request_117,857.84,affordable_with_plan,full_payment,2026-07-05:880,2026-07-15,reduce_to:event_10878:20.5,"Reduce the dining expense to EUR 20.50, then Pay EUR 880 today. This leaves at least EUR 1,000 available over the next 90 days."
request_118,648.12,not_affordable,not_recommended,none,,none,Do not make this payment by 2025-02-08. None of the available options keeps the EUR 600 minimum protected.
request_119,0,not_affordable,not_recommended,none,,none,"Do not make this payment by 2025-07-17. None of the available options keeps the INR 151,200 minimum protected."
request_120,7714000,affordable_now,full_payment,2026-04-06:7714000,2026-04-06,none,"Pay IDR 7,714,000 today. This leaves at least IDR 20,050,300 available over the next 90 days."
request_121,633.6,affordable_now,full_payment,2024-03-03:633.6,2024-03-03,none,Pay USD 633.60 today. This leaves at least USD 800 available over the next 90 days.
request_122,20558000,affordable_with_plan,installments,2025-08-05:7126773.33|2025-09-02:7126773.33|2025-09-30:7126773.33,2025-08-05,none,"Use 3 installments of IDR 7,126,773.33, starting 2025-08-05. This leaves at least IDR 12,588,500 available."
request_123,4076000,affordable_now,full_payment,2026-01-07:4076000,2026-01-07,none,"Pay IDR 4,076,000 today. This leaves at least IDR 18,091,200 available over the next 90 days."
request_124,1396.92,not_affordable,not_recommended,none,,none,"Do not make this payment by 2024-08-20. None of the available options keeps the EUR 1,600 minimum protected."
request_125,5630.81,affordable_later,wait,2025-11-15:6468,2025-11-15,none,"Wait until 2025-11-15, then pay ZAR 6,468 in full. Paying sooner would put the ZAR 11,300 minimum at risk."
request_126,159600,affordable_now,full_payment,2026-07-03:159600,2026-07-03,none,"Pay INR 159,600 today. This leaves at least INR 129,700 available over the next 90 days."
request_127,0,not_affordable,not_recommended,none,,none,"Do not make this payment by 2024-10-18. None of the available options keeps the ZAR 41,000 minimum protected."
request_128,25168,affordable_now,full_payment,2025-02-07:25168,2025-02-07,none,"Pay ZAR 25,168 today. This leaves at least ZAR 42,600 available over the next 90 days."
request_129,118.07,not_affordable,not_recommended,none,,none,Do not make this payment by 2026-06-18. None of the available options keeps the USD 800 minimum protected.
request_130,367.53,affordable_later,wait,2025-01-15:1978.8,2025-01-15,none,"Wait until 2025-01-15, then pay USD 1,978.80 in full. Paying sooner would put the USD 1,400 minimum at risk."
request_131,1350.97,affordable_with_plan,installments,2025-05-06:643.14|2025-06-03:643.14|2025-07-01:643.14,2025-06-15,none,"Use 3 installments of USD 643.14, starting 2025-05-06. This leaves at least USD 1,100 available."
request_132,257.16,affordable_later,wait,2026-02-15:379.86,2026-02-15,none,"Wait until 2026-02-15, then pay USD 379.86 in full. Paying sooner would put the USD 1,100 minimum at risk."
request_133,15770000,not_affordable,not_recommended,none,,none,"Do not make this payment by 2024-03-29. None of the available options keeps the IDR 9,986,200 minimum protected."
request_134,4597134.49,affordable_later,wait,2025-10-15:21831000,2025-10-15,none,"Wait until 2025-10-15, then pay IDR 21,831,000 in full. Paying sooner would put the IDR 15,902,500 minimum at risk."
request_135,282.34,affordable_with_plan,full_payment,2026-07-06:304.8,2026-07-15,stop:event_12413,"Stop the streaming expense, then Pay USD 304.80 today. This leaves at least USD 500 available over the next 90 days."
request_136,537.14,affordable_with_plan,full_payment,2024-06-03:560.4,2024-06-15,reduce_to:event_12498:27.2,"Reduce the shopping expense to USD 27.20, then Pay USD 560.40 today. This leaves at least USD 1,100 available over the next 90 days."
request_137,25509.46,affordable_later,wait,2026-01-15:80100,2026-01-15,none,"Wait until 2026-01-15, then pay INR 80,100 in full. Paying sooner would put the INR 71,800 minimum at risk."
request_138,759.68,affordable_with_plan,partial_payment,2026-04-07:759.68|2026-04-15:497.26,2026-04-15,none,"Pay EUR 759.68 today and the remaining EUR 497.26 on 2026-04-15. This leaves at least EUR 2,300 available."
request_139,1330.89,not_affordable,not_recommended,none,,none,"Do not make this payment by 2024-11-17. None of the available options keeps the USD 1,500 minimum protected."
request_140,0,not_affordable,not_recommended,none,,none,"Do not make this payment by 2025-03-04. None of the available options keeps the ZAR 21,600 minimum protected."
request_141,18518.59,not_affordable,not_recommended,none,,none,"Do not make this payment by 2026-02-12. None of the available options keeps the INR 67,300 minimum protected."
request_142,1263.6,affordable_now,full_payment,2024-12-05:1263.6,2024-12-05,none,"Pay USD 1,263.60 today. This leaves at least USD 1,700 available over the next 90 days."
request_143,2445.89,affordable_later,wait,2025-07-15:12584,2025-07-15,none,"Wait until 2025-07-15, then pay ZAR 12,584 in full. Paying sooner would put the ZAR 11,300 minimum at risk."
request_144,0,not_affordable,not_recommended,none,,none,Do not make this payment by 2026-07-26. None of the available options keeps the USD 600 minimum protected.
request_145,27539.38,not_affordable,not_recommended,none,,none,"Do not make this payment by 2024-05-26. None of the available options keeps the INR 155,400 minimum protected."
request_146,16528.56,not_affordable,not_recommended,none,,none,"Do not make this payment by 2025-10-17. None of the available options keeps the INR 108,600 minimum protected."
request_147,0,not_affordable,not_recommended,none,,none,Do not make this payment by 2026-06-07. None of the available options keeps the EUR 900 minimum protected.
request_148,7273.78,not_affordable,not_recommended,none,,none,"Do not make this payment by 2024-08-18. None of the available options keeps the ZAR 20,000 minimum protected."
request_149,22348.88,not_affordable,not_recommended,none,,none,"Do not make this payment by 2026-01-19. None of the available options keeps the ZAR 42,100 minimum protected."
request_150,263.78,not_affordable,not_recommended,none,,none,Do not make this payment by 2026-03-16. None of the available options keeps the EUR 700 minimum protected.
request_151,26999000,affordable_now,full_payment,2024-09-03:26999000,2024-09-03,none,"Pay IDR 26,999,000 today. This leaves at least IDR 31,633,600 available over the next 90 days."
request_152,11109.08,not_affordable,not_recommended,none,,none,"Do not make this payment by 2025-04-13. None of the available options keeps the ZAR 11,900 minimum protected."
request_153,0,not_affordable,not_recommended,none,,none,"Do not make this payment by 2026-09-24. None of the available options keeps the USD 1,400 minimum protected."
request_154,1625.8,affordable_with_plan,installments,2024-12-04:563.61|2025-01-04:563.61|2025-02-04:563.61,2024-12-04,none,"Use 3 installments of EUR 563.61, starting 2024-12-04. This leaves at least EUR 1,300 available."
request_155,14055.91,not_affordable,not_recommended,none,,none,"Do not make this payment by 2025-05-20. None of the available options keeps the INR 56,300 minimum protected."
request_156,8590.89,affordable_later,wait,2026-06-15:43076,2026-06-15,none,"Wait until 2026-06-15, then pay ZAR 43,076 in full. Paying sooner would put the ZAR 26,900 minimum at risk."
request_157,4724829.56,affordable_later,wait,2024-04-15:23503000,2024-04-15,none,"Wait until 2024-04-15, then pay IDR 23,503,000 in full. Paying sooner would put the IDR 15,714,100 minimum at risk."
request_158,242600,affordable_with_plan,installments,2025-08-07:84101.33|2025-09-04:84101.33|2025-10-02:84101.33,2025-08-07,none,"Use 3 installments of INR 84,101.33, starting 2025-08-07. This leaves at least INR 131,400 available."
request_159,13398,affordable_now,full_payment,2026-01-04:13398,2026-01-04,none,"Pay ZAR 13,398 today. This leaves at least ZAR 8,700 available over the next 90 days."
request_160,577.17,affordable_with_plan,installments,2024-06-13:432.05|2024-07-14:432.05|2024-08-14:432.05,2024-07-15,none,"Use 3 installments of EUR 432.05, starting 2024-06-13. This leaves at least EUR 1,200 available."
request_161,0,not_affordable,not_recommended,none,,none,"Do not make this payment by 2026-01-15. None of the available options keeps the IDR 23,010,400 minimum protected."
request_162,1353055.05,not_affordable,not_recommended,none,,none,"Do not make this payment by 2026-08-26. None of the available options keeps the IDR 24,161,100 minimum protected."
request_163,8616411.09,not_affordable,not_recommended,none,,none,"Do not make this payment by 2024-11-15. None of the available options keeps the IDR 26,728,700 minimum protected."
request_164,0,not_affordable,not_recommended,none,,none,"Do not make this payment by 2025-04-15. None of the available options keeps the IDR 29,550,500 minimum protected."
request_165,80600,affordable_now,full_payment,2026-04-06:80600,2026-04-06,none,"Pay INR 80,600 today. This leaves at least INR 95,000 available over the next 90 days."
request_166,2907.6,affordable_with_plan,installments,2024-12-03:1007.97|2025-01-03:1007.97|2025-02-03:1007.97,2024-12-03,none,"Use 3 installments of USD 1,007.97, starting 2024-12-03. This leaves at least USD 1,700 available."
request_167,43802,affordable_now,full_payment,2025-05-05:43802,2025-05-05,none,"Pay ZAR 43,802 today. This leaves at least ZAR 31,200 available over the next 90 days."
request_168,30782.99,not_affordable,not_recommended,none,,none,"Do not make this payment by 2026-03-16. None of the available options keeps the INR 114,400 minimum protected."
request_169,41976,affordable_now,full_payment,2024-03-04:41976,2024-03-04,none,"Pay ZAR 41,976 today. This leaves at least ZAR 18,700 available over the next 90 days."
request_170,30020192.47,affordable_with_plan,installments,2025-08-06:12804480|2025-09-03:12804480|2025-10-01:12804480,2025-09-15,none,"Use 3 installments of IDR 12,804,480, starting 2025-08-06. This leaves at least IDR 24,715,800 available."
request_171,34.55,not_affordable,not_recommended,none,,none,Do not make this payment by 2026-09-10. None of the available options keeps the EUR 500 minimum protected.
request_172,9003.89,affordable_with_plan,partial_payment,2024-06-05:9003.89|2024-06-15:1196.11,2024-06-15,none,"Pay ZAR 9,003.89 today and the remaining ZAR 1,196.11 on 2024-06-15. This leaves at least ZAR 27,200 available."
request_173,54481.88,not_affordable,not_recommended,none,,none,"Do not make this payment by 2026-01-17. None of the available options keeps the INR 79,100 minimum protected."
request_174,1146.2,affordable_with_plan,installments,2026-04-04:397.35|2026-05-04:397.35|2026-06-03:397.35,2026-04-04,none,"Use 3 installments of EUR 397.35, starting 2026-04-04. This leaves at least EUR 700 available."
request_175,2346.3,affordable_now,full_payment,2024-09-06:2346.3,2024-09-06,none,"Pay EUR 2,346.30 today. This leaves at least EUR 1,700 available over the next 90 days."
request_176,371.93,not_affordable,not_recommended,none,,none,Do not make this payment by 2025-02-27. None of the available options keeps the EUR 600 minimum protected.
request_177,1017.6,affordable_now,full_payment,2026-01-05:1017.6,2026-01-05,none,"Pay USD 1,017.60 today. This leaves at least USD 1,300 available over the next 90 days."
request_178,2938.1,affordable_with_plan,installments,2024-12-07:1018.54|2025-01-07:1018.54|2025-02-07:1018.54,2024-12-07,none,"Use 3 installments of EUR 1,018.54, starting 2024-12-07. This leaves at least EUR 1,400 available."
request_179,6817734.88,affordable_later,wait,2025-07-15:41648000,2025-07-15,none,"Wait until 2025-07-15, then pay IDR 41,648,000 in full. Paying sooner would put the IDR 41,430,800 minimum at risk."
request_180,0,not_affordable,not_recommended,none,,none,"Do not make this payment by 2026-09-02. None of the available options keeps the INR 37,300 minimum protected."
request_181,428.07,not_affordable,not_recommended,none,,none,"Do not make this payment by 2024-04-07. None of the available options keeps the USD 2,000 minimum protected."
request_182,65714,affordable_now,full_payment,2025-08-05:65714,2025-08-05,none,"Pay ZAR 65,714 today. This leaves at least ZAR 31,100 available over the next 90 days."
request_183,23063437.83,affordable_with_plan,installments,2026-04-10:9313546.67|2026-05-10:9313546.67|2026-06-09:9313546.67,2026-05-15,none,"Use 3 installments of IDR 9,313,546.67, starting 2026-04-10. This leaves at least IDR 11,878,300 available."
request_184,7415.18,not_affordable,not_recommended,none,,none,"Do not make this payment by 2024-07-30. None of the available options keeps the INR 110,800 minimum protected."
request_185,325.14,affordable_later,wait,2026-01-15:1257.3,2026-01-15,none,"Wait until 2026-01-15, then pay EUR 1,257.30 in full. Paying sooner would put the EUR 1,300 minimum at risk."
request_186,3735.01,affordable_later,wait,2026-03-15:26554,2026-03-15,none,"Wait until 2026-03-15, then pay ZAR 26,554 in full. Paying sooner would put the ZAR 22,000 minimum at risk."
request_187,37452.86,affordable_later,wait,2024-11-15:187500,2024-11-15,none,"Wait until 2024-11-15, then pay INR 187,500 in full. Paying sooner would put the INR 128,300 minimum at risk."
request_188,97.44,not_affordable,not_recommended,none,,none,Do not make this payment by 2025-03-04. None of the available options keeps the EUR 900 minimum protected.
request_189,488.4,affordable_now,full_payment,2026-07-04:488.4,2026-07-04,none,Pay EUR 488.40 today. This leaves at least EUR 400 available over the next 90 days.
request_190,452.32,affordable_later,wait,2025-02-15:2557.5,2025-02-15,none,"Wait until 2025-02-15, then pay EUR 2,557.50 in full. Paying sooner would put the EUR 1,600 minimum at risk."
request_191,664.4,affordable_now,full_payment,2025-05-03:664.4,2025-05-03,none,Pay EUR 664.40 today. This leaves at least EUR 500 available over the next 90 days.
request_192,0,not_affordable,not_recommended,none,,none,"Do not make this payment by 2026-05-11. None of the available options keeps the USD 1,000 minimum protected."
request_193,34.68,affordable_with_plan,installments,2024-03-21:420.23|2024-04-21:420.23|2024-05-22:420.23,2024-03-15,none,"Use 3 installments of EUR 420.23, starting 2024-03-21. This leaves at least EUR 1,000 available."
request_194,39650.79,affordable_later,wait,2025-10-15:132800,2025-10-15,none,"Wait until 2025-10-15, then pay INR 132,800 in full. Paying sooner would put the INR 113,600 minimum at risk."
request_195,961.16,not_affordable,not_recommended,none,,none,Do not make this payment by 2026-03-11. None of the available options keeps the EUR 700 minimum protected.
request_196,762.3,affordable_now,full_payment,2024-06-03:762.3,2024-06-03,none,Pay EUR 762.30 today. This leaves at least EUR 500 available over the next 90 days.
request_197,0,not_affordable,not_recommended,none,,none,"Do not make this payment by 2026-01-21. None of the available options keeps the IDR 26,245,900 minimum protected."
request_198,185800,affordable_now,full_payment,2026-07-07:185800,2026-07-07,none,"Pay INR 185,800 today. This leaves at least INR 124,300 available over the next 90 days."
request_199,23674000,affordable_with_plan,installments,2024-09-07:8206986.67|2024-10-08:8206986.67|2024-11-08:8206986.67,2024-09-04,none,"Use 3 installments of IDR 8,206,986.67, starting 2024-09-07. This leaves at least IDR 25,359,500 available."
request_200,21717000,affordable_now,full_payment,2025-02-06:21717000,2025-02-06,none,"Pay IDR 21,717,000 today. This leaves at least IDR 20,114,600 available over the next 90 days."
request_201,23997000,affordable_now,full_payment,2026-04-03:23997000,2026-04-03,none,"Pay IDR 23,997,000 today. This leaves at least IDR 17,304,500 available over the next 90 days."
request_202,123900,affordable_now,full_payment,2024-12-05:123900,2024-12-05,none,"Pay INR 123,900 today. This leaves at least INR 147,800 available over the next 90 days."
request_203,1442.1,affordable_with_plan,installments,2025-05-10:499.93|2025-06-07:499.93|2025-07-05:499.93,2025-05-07,none,"Use 3 installments of EUR 499.93, starting 2025-05-10. This leaves at least EUR 1,400 available."
request_204,0,not_affordable,not_recommended,none,,none,"Do not make this payment by 2026-01-31. None of the available options keeps the EUR 1,300 minimum protected."
request_205,10621000,affordable_now,full_payment,2024-03-06:10621000,2024-03-06,none,"Pay IDR 10,621,000 today. This leaves at least IDR 13,994,300 available over the next 90 days."
request_206,1404.7,affordable_with_plan,installments,2025-08-03:486.96|2025-08-31:486.96|2025-09-28:486.96,2025-08-03,none,"Use 3 installments of EUR 486.96, starting 2025-08-03. This leaves at least EUR 900 available."
request_207,4550.44,affordable_later,wait,2026-07-15:11830,2026-07-15,none,"Wait until 2026-07-15, then pay ZAR 11,830 in full. Paying sooner would put the ZAR 13,600 minimum at risk."
request_208,3131982.89,affordable_later,wait,2024-06-15:4413000,2024-06-15,none,"Wait until 2024-06-15, then pay IDR 4,413,000 in full. Paying sooner would put the IDR 10,470,700 minimum at risk."
request_209,1718.56,not_affordable,not_recommended,none,,none,"Do not make this payment by 2025-11-25. None of the available options keeps the ZAR 18,400 minimum protected."
request_210,984.61,affordable_with_plan,partial_payment,2026-04-06:984.61|2026-04-15:375.41,2026-04-15,none,"Pay USD 984.61 today and the remaining USD 375.41 on 2026-04-15. This leaves at least USD 2,000 available."
request_211,283.61,affordable_later,wait,2024-10-15:1788.6,2024-10-15,none,"Wait until 2024-10-15, then pay EUR 1,788.60 in full. Paying sooner would put the EUR 1,500 minimum at risk."
request_212,5367515.27,not_affordable,not_recommended,none,,none,"Do not make this payment by 2025-02-28. None of the available options keeps the IDR 29,579,800 minimum protected."
request_213,3362.4,affordable_with_plan,installments,2026-01-21:1165.63|2026-02-20:1165.63|2026-03-22:1165.63,2026-01-07,none,"Use 3 installments of USD 1,165.63, starting 2026-01-21. This leaves at least USD 2,100 available."
request_214,40494.54,affordable_with_plan,installments,2024-12-04:36270|2025-01-01:36270,2024-12-15,none,"Use 2 installments of INR 36,270, starting 2024-12-04. This leaves at least INR 174,900 available."
request_215,29986,affordable_with_plan,installments,2025-05-09:10395.15|2025-06-06:10395.15|2025-07-04:10395.15,2025-05-06,none,"Use 3 installments of ZAR 10,395.15, starting 2025-05-09. This leaves at least ZAR 15,700 available."
request_216,483.96,affordable_later,wait,2026-09-15:3332.4,2026-09-15,none,"Wait until 2026-09-15, then pay USD 3,332.40 in full. Paying sooner would put the USD 1,800 minimum at risk."
request_217,19561.81,affordable_with_plan,installments,2024-03-19:12889.07|2024-04-19:12889.07|2024-05-20:12889.07,2024-05-15,none,"Use 3 installments of ZAR 12,889.07, starting 2024-03-19. This leaves at least ZAR 26,800 available."
request_218,24316753.13,affordable_with_plan,installments,2025-08-07:21195893.33|2025-09-04:21195893.33|2025-10-02:21195893.33,2025-09-15,none,"Use 3 installments of IDR 21,195,893.33, starting 2025-08-07. This leaves at least IDR 34,477,200 available."
request_219,0,not_affordable,not_recommended,none,,none,"Do not make this payment by 2026-06-13. None of the available options keeps the EUR 1,100 minimum protected."
request_220,66.11,not_affordable,not_recommended,none,,none,"Do not make this payment by 2024-07-03. None of the available options keeps the EUR 1,100 minimum protected."
request_221,109800,affordable_now,full_payment,2025-11-03:109800,2025-11-03,none,"Pay INR 109,800 today. This leaves at least INR 81,500 available over the next 90 days."
request_222,31993.79,not_affordable,not_recommended,none,,none,"Do not make this payment by 2026-03-10. None of the available options keeps the ZAR 27,300 minimum protected."
request_223,898.7,affordable_now,full_payment,2024-09-07:898.7,2024-09-07,none,Pay EUR 898.70 today. This leaves at least EUR 800 available over the next 90 days.
request_224,10139949.71,affordable_with_plan,partial_payment,2025-02-04:10139949.71|2025-02-15:187050.29,2025-02-15,none,"Pay IDR 10,139,949.71 today and the remaining IDR 187,050.29 on 2025-02-15. This leaves at least IDR 22,187,600 available."
request_225,9797462.95,affordable_with_plan,installments,2026-07-20:7647120|2026-08-19:7647120|2026-09-18:7647120,2026-09-15,none,"Use 3 installments of IDR 7,647,120, starting 2026-07-20. This leaves at least IDR 17,670,700 available."
request_226,157000,affordable_now,full_payment,2024-12-03:157000,2024-12-03,none,"Pay INR 157,000 today. This leaves at least INR 209,400 available over the next 90 days."
request_227,7209.41,not_affordable,not_recommended,none,,none,"Do not make this payment by 2025-06-20. None of the available options keeps the INR 62,900 minimum protected."
request_228,0,not_affordable,not_recommended,none,,none,"Do not make this payment by 2026-04-30. None of the available options keeps the IDR 26,191,200 minimum protected."
request_229,515.29,affordable_with_plan,installments,2024-03-18:529.29|2024-04-18:529.29|2024-05-19:529.29,2024-05-15,none,"Use 3 installments of EUR 529.29, starting 2024-03-18. This leaves at least EUR 1,000 available."
request_230,3537.6,affordable_now,full_payment,2025-08-06:3537.6,2025-08-06,none,"Pay EUR 3,537.60 today. This leaves at least EUR 2,000 available over the next 90 days."
request_231,30929.07,not_affordable,not_recommended,none,,none,"Do not make this payment by 2026-03-17. None of the available options keeps the ZAR 24,300 minimum protected."
request_232,0,not_affordable,not_recommended,none,,none,"Do not make this payment by 2024-08-15. None of the available options keeps the EUR 2,400 minimum protected."
request_233,0,not_affordable,not_recommended,none,,none,"Do not make this payment by 2025-12-17. None of the available options keeps the IDR 10,365,700 minimum protected."
request_234,182.08,affordable_later,wait,2026-09-15:1213.3,2026-09-15,none,"Wait until 2026-09-15, then pay EUR 1,213.30 in full. Paying sooner would put the EUR 700 minimum at risk."
request_235,967.2,affordable_now,full_payment,2024-09-06:967.2,2024-09-06,none,Pay USD 967.20 today. This leaves at least USD 700 available over the next 90 days.
request_236,5805010.11,not_affordable,not_recommended,none,,none,"Do not make this payment by 2025-02-23. None of the available options keeps the IDR 16,768,600 minimum protected."
request_237,23826000,affordable_now,full_payment,2026-04-05:23826000,2026-04-05,none,"Pay IDR 23,826,000 today. This leaves at least IDR 22,431,500 available over the next 90 days."
request_238,663.6,affordable_with_plan,installments,2024-12-07:230.05|2025-01-07:230.05|2025-02-07:230.05,2024-12-07,none,"Use 3 installments of USD 230.05, starting 2024-12-07. This leaves at least USD 700 available."
request_239,642,affordable_now,full_payment,2025-05-04:642,2025-05-04,none,Pay USD 642 today. This leaves at least USD 600 available over the next 90 days.
request_240,0,not_affordable,not_recommended,none,,none,"Do not make this payment by 2026-03-20. None of the available options keeps the INR 52,800 minimum protected."
request_241,21052000,affordable_with_plan,installments,2024-03-17:7298026.67|2024-04-17:7298026.67|2024-05-18:7298026.67,2024-03-03,none,"Use 3 installments of IDR 7,298,026.67, starting 2024-03-17. This leaves at least IDR 19,252,000 available."
request_242,0,not_affordable,not_recommended,none,,none,Do not make this payment by 2025-08-25. None of the available options keeps the EUR 600 minimum protected.
request_243,17468,affordable_now,full_payment,2026-07-07:17468,2026-07-07,none,"Pay ZAR 17,468 today. This leaves at least ZAR 19,900 available over the next 90 days."
request_244,49918,affordable_now,full_payment,2024-06-04:49918,2024-06-04,none,"Pay ZAR 49,918 today. This leaves at least ZAR 45,900 available over the next 90 days."
request_245,23681.93,affordable_later,wait,2026-01-15:128500,2026-01-15,none,"Wait until 2026-01-15, then pay INR 128,500 in full. Paying sooner would put the INR 94,600 minimum at risk."
request_246,64086,affordable_with_plan,installments,2026-04-03:22216.48|2026-05-03:22216.48|2026-06-02:22216.48,2026-04-03,none,"Use 3 installments of ZAR 22,216.48, starting 2026-04-03. This leaves at least ZAR 39,300 available."
request_247,1059.3,affordable_now,full_payment,2024-09-05:1059.3,2024-09-05,none,"Pay EUR 1,059.30 today. This leaves at least EUR 1,300 available over the next 90 days."
request_248,0,not_affordable,not_recommended,none,,none,"Do not make this payment by 2025-04-28. None of the available options keeps the USD 1,300 minimum protected."
request_249,129.32,affordable_later,wait,2026-03-15:643.2,2026-03-15,none,"Wait until 2026-03-15, then pay USD 643.20 in full. Paying sooner would put the USD 600 minimum at risk."
request_250,15571.41,not_affordable,not_recommended,none,,none,"Do not make this payment by 2025-01-18. None of the available options keeps the ZAR 35,300 minimum protected."
request_251,1513.6,not_affordable,not_recommended,none,,none,"Do not make this payment by 2025-06-06. None of the available options keeps the EUR 1,300 minimum protected."
request_252,3899497.37,affordable_later,wait,2026-09-15:28082000,2026-09-15,none,"Wait until 2026-09-15, then pay IDR 28,082,000 in full. Paying sooner would put the IDR 15,152,200 minimum at risk."
request_253,1557.45,affordable_with_plan,installments,2024-03-21:984.6|2024-04-21:984.6|2024-05-22:984.6,2024-05-15,none,"Use 3 installments of EUR 984.60, starting 2024-03-21. This leaves at least EUR 2,300 available."
request_254,624.88,affordable_later,wait,2025-10-15:3535.2,2025-10-15,none,"Wait until 2025-10-15, then pay USD 3,535.20 in full. Paying sooner would put the USD 2,500 minimum at risk."
request_255,3345000,affordable_now,full_payment,2026-04-06:3345000,2026-04-06,none,"Pay IDR 3,345,000 today. This leaves at least IDR 9,813,900 available over the next 90 days."
request_256,0,not_affordable,not_recommended,none,,none,"Do not make this payment by 2024-08-19. None of the available options keeps the INR 168,600 minimum protected."
request_257,368.63,affordable_later,wait,2026-01-15:1352.4,2026-01-15,none,"Wait until 2026-01-15, then pay USD 1,352.40 in full. Paying sooner would put the USD 1,600 minimum at risk."
request_258,1113.6,affordable_now,full_payment,2026-01-07:1113.6,2026-01-07,none,"Pay USD 1,113.60 today. This leaves at least USD 500 available over the next 90 days."
request_259,255.44,affordable_later,wait,2024-11-15:935,2024-11-15,none,"Wait until 2024-11-15, then pay EUR 935 in full. Paying sooner would put the EUR 600 minimum at risk."
request_260,6407645.6,not_affordable,not_recommended,none,,none,"Do not make this payment by 2025-04-18. None of the available options keeps the IDR 20,727,700 minimum protected."
request_261,1830.4,affordable_now,full_payment,2026-07-03:1830.4,2026-07-03,none,"Pay EUR 1,830.40 today. This leaves at least EUR 1,500 available over the next 90 days."
request_262,9236000,affordable_now,full_payment,2024-12-05:9236000,2024-12-05,none,"Pay IDR 9,236,000 today. This leaves at least IDR 31,018,500 available over the next 90 days."
request_263,5769.14,not_affordable,not_recommended,none,,none,"Do not make this payment by 2025-06-15. None of the available options keeps the ZAR 24,100 minimum protected."
request_264,22920.11,affordable_later,wait,2026-06-15:111300,2026-06-15,none,"Wait until 2026-06-15, then pay INR 111,300 in full. Paying sooner would put the INR 59,500 minimum at risk."
request_265,45970,affordable_now,full_payment,2024-03-06:45970,2024-03-06,none,"Pay INR 45,970 today. This leaves at least INR 189,700 available over the next 90 days."
request_266,774.9,affordable_with_plan,installments,2025-08-03:324.13|2025-08-31:324.13|2025-09-28:324.13,2025-09-15,none,"Use 3 installments of EUR 324.13, starting 2025-08-03. This leaves at least EUR 900 available."
request_267,1632.55,not_affordable,not_recommended,none,,none,"Do not make this payment by 2026-03-17. None of the available options keeps the EUR 1,500 minimum protected."
request_268,1035.8,affordable_with_plan,installments,2024-06-14:841.22|2024-07-15:841.22|2024-08-15:841.22,2024-07-15,none,"Use 3 installments of EUR 841.22, starting 2024-06-14. This leaves at least EUR 1,400 available."
request_269,0,not_affordable,not_recommended,none,,none,"Do not make this payment by 2026-01-02. None of the available options keeps the ZAR 23,100 minimum protected."
request_270,98.79,not_affordable,not_recommended,none,,none,"Do not make this payment by 2026-08-30. None of the available options keeps the USD 1,400 minimum protected."
request_271,12386.68,affordable_later,wait,2024-11-15:91300,2024-11-15,none,"Wait until 2024-11-15, then pay INR 91,300 in full. Paying sooner would put the INR 58,200 minimum at risk."
request_272,5426190.15,affordable_with_plan,installments,2025-02-12:4709466.67|2025-03-12:4709466.67|2025-04-09:4709466.67,2025-03-15,none,"Use 3 installments of IDR 4,709,466.67, starting 2025-02-12. This leaves at least IDR 7,508,600 available."
request_273,9543524.88,affordable_with_plan,partial_payment,2026-04-07:9543524.88|2026-04-15:6317475.12,2026-04-15,none,"Pay IDR 9,543,524.88 today and the remaining IDR 6,317,475.12 on 2026-04-15. This leaves at least IDR 18,774,600 available."
request_274,2120.18,not_affordable,not_recommended,none,,none,"Do not make this payment by 2025-02-11. None of the available options keeps the EUR 1,800 minimum protected."
request_275,15884000,affordable_now,full_payment,2025-05-06:15884000,2025-05-06,none,"Pay IDR 15,884,000 today. This leaves at least IDR 12,760,100 available over the next 90 days."
